,interaction_time,occupants,special,type,x,y
1,4,[],True,normal,610.2891904132038,273.0616502504476
2,300000,"[2899, 2900, 2901, 2902, 2963, 2964, 2965, 2966, 3403, 3404, 3405, 5805, 5806, 5807, 5808, 6184, 6185]",False,normal,502.6305442493292,512.059050291589
3,300000,"[242, 243, 995, 996, 997, 998, 1107, 1108, 1109, 1110, 1491, 1492, 1493, 1494, 1943, 1944, 1945, 1946, 2415, 2416, 2417, 2418, 2474, 2475, 2524, 2525, 3140, 3141, 3142, 3143, 3146, 3147, 3148, 4873, 4874, 4875, 5385, 5386]",False,normal,599.5467784389947,224.8841854518604
4,300000,"[81, 82, 83, 84, 1024, 1025, 1026, 1027, 1028, 4730, 4731, 4732, 4733]",False,normal,874.0486116951703,461.5086670053067
5,300000,"[6, 7, 8, 302, 303, 304, 305, 306]",False,normal,602.0394470393742,173.85700549775413
6,300000,"[92, 93, 3208, 3209, 3210, 5244, 5245, 5246, 5923, 5924, 6281, 6282]",False,normal,7.665107826221817,867.2636105421761
7,3,[],True,normal,940.0944286610245,979.8696404305263
8,300000,"[207, 208, 209, 2607, 2608, 2609, 2610, 6602, 6603, 6604]",False,normal,502.6305442493292,512.059050291589
9,300000,"[377, 378, 379, 2167, 2168, 2169, 2170, 2171, 3706, 3707, 4178, 4179, 4180, 4181, 5221, 5222, 5223, 5224, 5645, 5646, 5647, 5648, 5649]",False,normal,478.60548192015585,726.687154019521
10,300000,"[1391, 1392, 1393, 1394, 3484, 3485, 3486, 4632, 4633, 4634, 4635, 4636, 4783, 4784, 4785, 4786, 4787, 4989, 4990, 4991, 4992, 4993, 6585, 6586, 6863, 6864]",False,normal,685.5685937785724,997.3139249512915
11,300000,"[862, 863, 864, 865, 2341, 2342, 2343, 2344, 2345, 3057, 3058, 3059, 3686, 3687, 3688, 3689, 5635, 5636]",False,normal,573.5622742289448,585.7889135928622
12,300000,"[2480, 2481, 2482, 3026, 3027, 3028, 3821, 3822, 3823, 4199, 4200, 4201, 5381, 5382, 5383, 5384, 6113, 6114, 6744, 6745, 6746, 6747]",False,normal,214.93203198686302,615.6707086071749
13,300000,"[589, 590, 591, 592, 593, 2564, 2565, 2566, 2567, 2568, 3461, 3462, 3463, 3464, 3465, 6571, 6572, 6573, 6574, 6786, 6787]",False,normal,215.26107476642986,237.45936865612106
14,6,[],True,normal,64.38123864517317,688.0888537470545
15,300000,"[2011, 2012, 2013, 2014, 2015, 2020, 2021, 5816, 5817, 6122, 6123, 6124, 6327, 6328, 6329, 6330, 6331]",False,normal,502.6305442493292,512.059050291589
16,300000,"[1623, 1624, 1689, 1690, 1691, 1692, 2346, 2347, 2348, 2349, 2971, 2972, 2973, 2974, 3868, 3869, 5089, 5090, 5091, 5092, 5693, 5694]",False,normal,980.9343687928658,651.2851381537172
17,300000,"[244, 245, 246, 247, 248, 454, 455, 456, 457, 1263, 1264, 1265, 1266, 2747, 2748, 3060, 3061, 3062, 3063, 3064, 3729, 3730, 6957, 6958, 6959, 6960]",False,normal,266.9402454642015,52.45376550936217
18,300000,"[142, 143, 144, 145, 1527, 1528, 1529, 1530, 1806, 1807, 1808, 1809, 6370, 6371]",False,normal,224.61618425302925,306.9507823883555
19,300000,"[3303, 3304, 3305, 3306, 3307, 5630, 5631, 5632, 5633, 5634]",False,normal,18.30738861512271,632.0016319166398
20,300000,"[1703, 1704, 1705, 1706, 1707, 2837, 2838, 2839, 3802, 3803, 3804, 3805]",False,normal,298.1455283721145,183.9760848061826
21,300000,"[1185, 1186, 1187, 1188, 1189, 1286, 1287, 1288, 3258, 3259, 4366, 4367, 4368, 4369, 4370, 6304, 6305, 6306]",False,normal,78.32317950570825,19.44414059710679
22,300000,"[1326, 1327, 1328, 3092, 3093, 3094, 3095, 3096, 6774, 6775, 6776]",False,normal,935.2994346418895,191.58914873205674
23,300000,"[1033, 1034, 3293, 3294, 3295, 3296, 3413, 3414, 3415]",False,normal,58.14435377966393,25.672000789008777
24,300000,"[935, 936, 937, 1504, 1505, 1506, 2234, 2235, 2236, 2237, 2238, 5520, 5521, 5522, 5588, 5589, 5590, 5591, 6115, 6116, 6117, 7022, 7023, 7024]",False,normal,374.7133367292862,19.87634333090173
25,300000,"[2574, 2575, 2576, 2577, 2578, 3727, 3728, 7063, 7064]",False,normal,263.17629742636194,109.10563008717456
26,300000,"[1979, 1980, 1981, 4720, 4721, 4722, 4723, 4724, 6320, 6321, 6322, 6323, 6324]",False,normal,460.7731902219405,19.413892313797792
27,300000,"[490, 491, 1481, 1482, 1483, 1484, 1618, 1619, 1620, 1621, 1622, 1716, 1717, 1718, 1719, 1720, 3329, 3330, 4457, 4458, 4459, 4460, 4461, 5359, 5360]",False,normal,895.4983693004918,909.877656803687
28,300000,"[13, 14, 15, 3505, 3506, 5217, 5218, 5219, 5220, 5459, 5460, 5461, 6890, 6891, 6892, 6893]",False,normal,534.3127928930968,527.3552590466163
29,300000,"[2681, 2682, 2683, 2684, 2685, 3211, 3212, 3213, 3690, 3691, 3692, 3693, 4592, 4593, 4594, 4595, 4596, 4780, 4781, 4782]",False,normal,627.2060222274263,98.11662267990013
30,300000,"[754, 755, 756, 757, 2980, 2981, 2982, 5407, 5408, 5409, 5410, 6972, 6973]",False,normal,358.6442223733731,495.10580304976145
31,300000,"[2155, 2156, 3065, 3066, 3067, 3068, 3069, 4624, 4625, 4626, 4627, 4628, 5836, 5837, 5838, 5839, 5840]",False,normal,314.95016281500506,371.71249968419676
32,300000,"[747, 748, 749, 3270, 3271, 3272, 3273, 3274, 4622, 4623, 5527, 5528, 5529, 5530]",False,normal,714.115171324261,605.9555163520724
33,300000,"[139, 140, 141, 884, 885, 886, 1616, 1617, 3291, 3292]",False,normal,957.0971436538988,70.68063634617158
34,300000,"[876, 877, 878, 879, 3434, 3435]",False,normal,82.10408662098956,176.57513181782434
35,5,[],True,normal,680.6296998026372,105.57790111624999
36,300000,"[1874, 1875, 1876, 1877, 1878, 6645, 6646, 6647, 6648, 6649]",False,normal,502.6305442493292,512.059050291589
37,300000,"[101, 102, 103, 1251, 1252, 1253, 2222, 2223, 2224, 2225, 2714, 2715, 2716, 2717, 2718, 4535, 4536, 4977, 4978, 4979, 4980, 4981, 5317, 5318, 5369, 5370, 5371, 5372, 5373, 6764, 6765, 6766, 6767, 6768, 6830, 6831, 6832, 6833, 6834, 6981, 6982, 6983, 6984]",False,normal,292.23121568974705,665.6493759888069
38,300000,"[1088, 1089, 1242, 1243, 1244, 1541, 1542, 1543, 1638, 1639, 1640, 1641, 1642, 2339, 2340, 4423, 4424, 4425, 4694, 4695, 4696, 4697, 4698, 4994, 4995, 4996]",False,normal,225.0767648724776,816.410372568901
39,6,[],True,normal,182.09464716564656,360.4561077074843
40,300000,"[941, 942, 943, 944, 945, 1977, 1978, 3584, 3585, 6530, 6531, 6532, 6533, 6905, 6906]",False,normal,502.6305442493292,512.059050291589
41,300000,"[1125, 1126, 1127, 1128, 3225, 3226, 3227, 3228, 3557, 3558, 3559, 3560, 3561]",False,normal,927.8837252703486,964.6558511608038
42,300000,"[184, 185, 186, 187, 188, 2897, 2898, 4547, 4548, 4766, 4767, 4768, 4911, 4912, 4913, 4914]",False,normal,938.5793612859447,152.88094190610605
43,300000,"[597, 598, 1298, 1299, 4339, 4340]",False,normal,597.3594148150415,443.1001570841604
44,300000,"[1892, 1893, 1894, 1895, 1896, 6681, 6682, 6683, 6684, 6685, 6807, 6808, 6809]",False,normal,640.3884422463229,169.35938694077655
45,6,[],True,normal,670.4620232021882,977.1328488572434
46,300000,"[2151, 2152, 2153, 2154, 3033, 3034, 3035, 5498, 5499, 5500, 6594, 6595, 6596, 6657, 6658, 6659]",False,normal,502.6305442493292,512.059050291589
47,300000,"[1708, 1709, 1710, 1711, 1712, 2401, 2402, 2403, 2743, 2744, 2745, 2746, 4335, 4336, 4337, 4338, 4774, 4775, 5668, 5669, 6842, 6843, 6844]",False,normal,20.539802893338567,425.14117390347826
48,300000,"[3731, 3732, 3733, 3734, 3735, 6091, 6092, 6093, 6423, 6424, 6425]",False,normal,132.47714348579635,927.7915610954078
49,300000,"[1810, 1811, 1812, 1813, 1814, 2511, 2512, 2513, 2514, 2515, 3339, 3340, 3341, 3342, 3343, 3814, 3815, 3816, 3817, 3818, 4301, 4302, 4303, 4304, 5854, 5855]",False,normal,183.4455779414947,585.8188818422797
50,300000,"[1516, 1517, 1518, 1519, 1520, 1989, 1990, 1991, 1992, 1993, 4042, 4043, 4044, 4045, 5258, 5259, 5260, 5261]",False,normal,978.0051213785285,497.8715096497583
51,300000,"[3492, 3493]",False,normal,286.50565846282393,306.38316319197725
52,300000,"[16, 17, 18, 1485, 1486, 1487, 1488, 2781, 2782, 2783, 2784, 2785, 4182, 4183, 4184, 5364, 5365, 5366, 5367, 5368]",False,normal,40.05596578736157,321.94863303971954
53,300000,"[2861, 2862, 2863, 2945, 2946, 2947, 2948, 2949, 4192, 4193, 4261, 4262, 4263, 4264, 4265, 6026, 6027, 6028]",False,normal,673.633529668285,322.3462336520041
54,300000,"[564, 565, 566, 567, 2938, 2939, 2940, 5021, 5022, 5023, 5024, 5025]",False,normal,441.96846676710123,679.1154405616725
55,300000,"[358, 359, 360, 361, 2157, 2158, 2159, 2967, 2968, 2969, 2970, 3501, 3502, 3503, 3504, 4218, 4219, 4220, 4221, 5247, 5248, 5249, 5250, 5251, 6964, 6965, 6966, 6967]",False,normal,230.46514718580693,912.5920415798639
56,300000,"[19, 20, 21, 22, 23, 733, 734, 2083, 2084, 2741, 2742, 2954, 2955, 2956, 3283, 3284, 3285, 3286, 4320, 4321, 4322, 4323, 4324, 4446, 4447, 5777, 5778, 5779, 5780]",False,normal,405.0217272025461,650.6994088497594
57,300000,"[1097, 1098, 1099, 3459, 3460, 4081, 4082, 4083, 4084, 4085, 4826, 4827, 4828, 4829]",False,normal,787.8435620635415,387.86041418014605
58,300000,"[6206, 6207, 6790, 6791, 6792, 6793, 6794]",False,normal,485.05930578050595,982.7208733679014
59,300000,"[3279, 3280, 3281, 3282, 3514, 3515, 3516]",False,normal,294.1165804898268,341.455257062157
60,300000,"[546, 547, 548, 549, 632, 633, 634, 635, 4448, 4449, 4450, 4451, 4452, 4687, 4688, 4689, 4690, 6689, 6690, 6691, 6692, 6693]",False,normal,699.7013065268956,175.5176729688513
61,300000,"[410, 411, 412, 413, 414, 5071, 5072, 5073]",False,normal,444.14049481260906,989.151261077169
62,300000,"[1917, 1918, 1919, 1920, 1921, 2497, 2498, 2499, 2500, 2501, 4164, 4165, 5285, 5286, 5287, 5288, 5289, 6358, 6359, 6360, 6361, 6362]",False,normal,159.43561317954072,292.8419026290105
63,300000,"[1660, 1661, 1662, 1663, 1664, 2261, 2262, 2263, 2665, 2666, 2667, 2668, 2669, 3881, 3882, 3883, 3884, 3885, 3951, 3952, 3953, 3954, 3955, 6449, 6450, 6451]",False,normal,736.8410486747321,870.4017032815626
64,300000,"[2074, 2075, 4311, 4312, 4313, 4314, 5508, 5509, 5543, 5544, 5545, 5546, 5547]",False,normal,339.1795074258517,187.16292992645543
65,300000,"[1998, 1999, 2000, 2001, 2923, 2924, 2925, 6351, 6352]",False,normal,7.987447735361567,509.40090975710706
66,300000,"[1818, 1819, 1820, 3418, 3419, 3420, 3421, 3422, 3455, 3456, 3457, 3458]",False,normal,838.7008935783533,560.7110547414059
67,300000,"[2888, 2889, 2890, 2891, 4891, 4892, 4893, 4894, 4895]",False,normal,584.2614810211494,980.0142524951466
68,300000,"[255, 256, 257, 258, 259, 479, 480, 481, 482, 1536, 1537, 1538, 1539, 1540, 1922, 1923, 1924, 2903, 2904, 2905, 2906, 4107, 4108, 4109, 4924, 4925, 4926]",False,normal,200.33973420110837,398.4585366373471
69,300000,"[2002, 2003, 2004, 2005, 2006, 6723, 6724, 6725]",False,normal,937.7078166071243,943.2897163105476
70,300000,"[715, 716, 717, 1329, 1330, 1331, 1332, 5737, 5738, 5739, 5946, 5947, 5948, 5949, 5950, 6912, 6913, 6914, 6915, 6916]",False,normal,897.2281936131743,981.4605466565117
71,3,[],True,normal,808.2798105672674,494.4278208651508
72,300000,"[2855, 2856, 2857, 3605, 3606, 3607]",False,normal,502.6305442493292,512.059050291589
73,300000,"[94, 95, 251, 252, 253, 254, 5079, 5080, 5081, 5082]",False,normal,109.38935850414636,870.5758577942785
74,300000,"[1100, 1101, 1102, 1103, 2990, 2991, 2992, 2993, 2994, 5392, 5393, 5394, 5395, 6857, 6858, 6887, 6888, 6889]",False,normal,215.13671463238865,200.57381403851403
75,300000,"[1571, 1572, 1573, 1574, 1969, 1970, 1971, 2022, 2023, 2024, 2025, 2026, 2193, 2194, 2195, 5493, 5494, 5495, 5496, 5497, 6469, 6470, 6471]",False,normal,738.6290408800046,391.10820670339604
76,300000,"[677, 678, 2146, 2147, 2148, 2149, 2150, 2650, 2651, 4205, 4206, 4207, 4208]",False,normal,215.1887524519544,476.4272531068738
77,300000,"[202, 203, 204, 205, 206, 1693, 1694, 1695, 1747, 1748, 1749, 1750, 1751, 3297, 3298, 3299, 3300, 4542, 4543, 4544, 4545, 4546, 6788, 6789]",False,normal,662.2435746866487,578.3765245657233
78,300000,"[711, 712, 713, 714, 2778, 2779, 2780, 6125, 6126]",False,normal,44.80124990115974,630.8348473070839
79,300000,"[307, 308, 309, 2789, 2790, 2791, 2792, 3629, 3630, 3631, 3632, 5510, 5511, 5512, 5575, 5576]",False,normal,643.9652161801403,710.8002278932227
80,300000,"[1, 2, 3, 4, 5, 120, 121, 122, 123, 521, 522, 3923, 3924, 5215, 5216, 5852, 5853, 6974, 6975, 6976]",False,normal,497.6683369991172,513.9935260582279
81,3,[],True,normal,252.0905988594855,430.8845005453408
82,300000,"[2677, 2678, 2679, 2680, 3724, 3725, 3726, 4830, 4831, 4832, 6155, 6156, 6157, 6158, 6159]",False,normal,502.6305442493292,512.059050291589
83,300000,"[908, 909, 910, 911, 1340, 1341, 1342, 1343, 2124, 2125, 2126, 2127, 6996, 6997, 6998]",False,normal,289.55986730188573,621.2879098921138
84,300000,"[2079, 2080, 2081, 2082, 4257, 4258, 4259, 4260]",False,normal,277.81339519224787,156.4890516235411
85,300000,"[289, 290, 291, 3824, 3825, 3826, 3827, 3876, 3877, 3878, 3879, 3880, 4753, 4754, 4755, 5628, 5629, 5641, 5642, 5643, 5644, 6511, 6512]",False,normal,649.3827429728825,784.7266007266602
86,300000,"[517, 518, 519, 520, 2370, 2371, 2372, 2373, 4523, 4524, 4525, 4526, 4527, 5536, 5537, 5538]",False,normal,597.7840273669055,111.92375905001083
87,3,[],True,normal,430.71397008885725,185.16581840249125
88,300000,"[1521, 1522, 1523, 1524, 2301, 2302, 2303, 2304]",False,normal,502.6305442493292,512.059050291589
89,300000,"[49, 50, 51, 52, 1982, 1983, 1984, 2196, 2197, 2198, 2199, 2733, 2734, 2735, 2736, 2737, 2911, 2912, 2913, 2914, 3806, 3807, 3808, 3987, 3988, 4493, 4494, 4495, 5146, 5147, 6612, 6613, 6614, 6718, 6719, 6720, 6721, 6722]",False,normal,544.9884025159184,286.0274901079685
90,300000,"[2056, 2057, 2058, 2059, 2060, 2065, 2066, 2067, 6526, 6527, 6738, 6739, 6740, 6741, 6894, 6895]",False,normal,545.7042251511899,172.13287261801213
91,300000,"[265, 266, 267, 268, 274, 275, 276, 277, 278, 366, 367, 368, 829, 830, 831, 832, 833, 2729, 2730, 2731, 2732, 3619, 3620, 4602, 4603, 4604, 5115, 5116, 5452, 5453, 5454, 5784, 5785, 5786, 5787, 5788]",False,normal,220.227402619637,33.6386217091685
92,300000,"[2472, 2473, 2657, 2658, 2659, 5303, 5304, 5834, 5835, 6426, 6427]",False,normal,559.1218935158005,314.98872558981236
93,300000,"[59, 60, 61, 62, 496, 497, 498, 1743, 1744, 1745, 1746, 2675, 2676, 5501, 5502, 5503, 5504]",False,normal,98.60616268854166,338.9848279086913
94,3,[],True,normal,249.53557760477344,787.0496684421173
95,300000,"[76, 77, 78, 79, 80, 1276, 1277, 2404, 2405, 2406, 2407, 2408, 3241, 3242, 3243, 3244, 3694, 3695, 3696, 3697, 3698, 3758, 3759, 3760, 3761]",False,normal,502.6305442493292,512.059050291589
96,300000,"[636, 637, 638, 5655, 5656, 5657, 6084, 6085, 6086, 6087, 6088]",False,normal,449.2916777884161,193.37272147611168
97,300000,"[568, 569, 570, 571, 572, 1872, 1873, 6186, 6187, 6188, 6189, 6190]",False,normal,480.8356006596659,567.5822517927216
98,300000,"[1650, 1651, 1652, 1653, 2315, 2316, 3959, 3960, 3961, 4315, 4316, 4317, 4318, 4319, 5900, 5901, 6506, 6507, 6508, 6509, 6510]",False,normal,215.17375934508598,967.1094782050662
99,300000,"[4124, 4125, 4126, 4127, 4868, 4869, 4870, 4871, 4872, 5701, 5702, 5703, 5704]",False,normal,152.7038869264444,469.4017312572649
100,300000,"[1531, 1532, 1533, 2429, 2430, 2819, 2820, 2821, 2822, 2823, 4253, 4254, 4255, 4256, 4279, 4280, 4281, 5034, 5035, 5036, 5037, 6943, 6944, 6945, 6946, 7077, 7078]",False,normal,838.120311826106,890.1341153613498
101,300000,"[89, 90, 91, 1068, 1069, 1070, 1071, 1143, 1144, 1145]",False,normal,616.7693934899488,179.71681004118332
102,300000,"[124, 125, 126, 887, 888, 1972, 1973, 1974, 1975, 1976, 2326, 2327, 2328, 2329, 2491, 2492, 2493, 2691, 2692, 3638, 3639, 3640, 3641, 6907, 6908, 6909]",False,normal,527.7283282308658,625.9225538282203
103,300000,"[2534, 2535, 2536, 2537, 2538, 6500, 6501]",False,normal,151.78882598269507,756.373531688024
104,300000,"[1093, 1094, 1095, 1096, 2895, 2896]",False,normal,940.2795756940108,827.4166921294689
105,300000,"[1824, 1825, 2189, 2190, 2191, 2192, 3166, 3167, 3168, 3586, 3587, 5341, 5342, 5343, 5344]",False,normal,166.35908805110904,912.1964210533861
106,3,[],True,normal,307.27960828595866,106.00908405785147
107,300000,"[1667, 1668, 1669, 1670, 2018, 2019, 3744, 3745, 3746, 3747, 5252, 5253]",False,normal,502.6305442493292,512.059050291589
108,300000,"[2317, 2318, 2319, 2320, 2321, 3903, 3904, 3905, 3906, 3907, 5136, 5137, 5138, 5139, 6012, 6013, 6014, 6015, 6667, 6668, 6669]",False,normal,149.19777726548642,813.5815371791552
109,300000,"[348, 349, 350, 351, 352, 1563, 1564, 1565, 2330, 2331, 2332, 2333, 4226, 4227, 4228, 4229, 4230, 4517, 4518, 4519, 4520, 5203, 5204, 5205, 6059, 6060, 6061, 6062]",False,normal,684.4701259116158,29.67516342464272
110,300000,"[36, 37, 38, 39, 40, 424, 425, 4185, 4186, 4187, 4188, 4189, 5610, 5611, 5612, 5613]",False,normal,340.24494367666335,24.75752261501188
111,300000,"[1249, 1250, 6353, 6354, 6355, 6356, 6357]",False,normal,664.2506357182327,296.3672748878997
112,300000,"[1119, 1120, 1121, 1122, 3151, 3152, 3153, 3154, 3423, 3424, 3425]",False,normal,408.0278144431011,47.96724762560985
113,300000,"[408, 409, 639, 640, 641, 642, 1381, 1382, 1383, 1384, 1385, 1699, 1700, 1701, 1702, 4363, 4364, 4365, 4549, 4550, 5331, 5332, 5333, 6865, 6866, 6867, 6868]",False,normal,327.14064047174446,569.5454329969748
114,300000,"[630, 631, 1135, 1136, 1137, 1138, 3675, 3676, 3677, 3678, 3679, 6413, 6414, 6415]",False,normal,402.76197474387914,790.3108927415428
115,4,[],True,normal,101.75547280371877,25.011538985106956
116,300000,"[550, 551, 552, 553, 554]",False,normal,502.6305442493292,512.059050291589
117,5,[],True,normal,418.29378670936165,983.8099840123571
118,300000,"[4028, 4029, 4030, 4399, 4400, 4401, 4402, 5872, 5873, 5874, 5875, 6742, 6743]",False,normal,502.6305442493292,512.059050291589
119,6,[],True,normal,177.97426769929612,261.67990358260033
120,300000,"[1214, 1215, 2393, 2394, 2395, 4251, 4252]",False,normal,502.6305442493292,512.059050291589
121,300000,"[834, 835, 836, 837, 838, 2141, 2142, 2143, 2144, 2145, 3318, 3319, 3320, 3916, 3917, 3918, 3919, 3920, 4568, 4569, 4570, 4571, 6931, 6932, 6933, 6934]",False,normal,441.39602574829314,590.2804529983435
122,300000,"[63, 64, 65, 3751, 3752, 3793, 3794, 5290, 5291, 5292, 5293, 5294]",False,normal,425.14455520184475,240.19229966320881
123,300000,"[1422, 1423, 1424, 1425, 5337, 5338, 6193, 6194, 6195, 6196, 7089, 7090, 7091, 7092, 7093]",False,normal,710.5402904049824,76.26248010018341
124,300000,"[899, 900, 901, 2264, 2265, 2266, 2267, 3097, 3098, 3099, 3100, 3101, 3127, 3128]",False,normal,354.2989074265139,334.33468345038114
125,300000,"[542, 543, 544, 545, 4878, 4879, 4880, 4881]",False,normal,438.3927597152213,348.34598007454224
126,5,[],True,normal,17.079114320858146,823.946026555537
127,3,[],True,normal,502.6305442493292,512.059050291589
128,300000,"[1063, 1064, 3112, 3113, 3289, 3290, 3451, 3452, 3453, 3454]",False,normal,502.6305442493292,512.059050291589
129,300000,"[721, 722, 723, 2027, 2028, 3123, 3124, 3125, 3126, 6485, 6486, 6487, 6488]",False,normal,930.996723966677,283.9828032197281
130,300000,"[1728, 1729, 1730, 1765, 1766, 1767, 1768, 1769, 4559, 4560, 4561, 4562, 4563, 5144, 5145]",False,normal,990.0042139472018,13.48363172936254
131,300000,"[2368, 2369, 4290, 4291, 4292, 5015, 5016]",False,normal,123.69477883324805,895.9097812328897
132,6,[],True,normal,956.2031429878048,671.7532280657415
133,300000,"[724, 725, 726, 727, 1591, 1592, 1593, 1594, 5232, 5233, 6204, 6205, 6550, 6551, 6552, 6553, 6554]",False,normal,502.6305442493292,512.059050291589
134,3,[],True,normal,274.608563879195,279.12747678256716
135,300000,"[2255, 2256, 2257, 2258, 3927, 3928, 3929, 4112, 4113, 4114, 4115, 4116, 4945, 4946, 4947, 4948, 6307, 6308, 6309, 6310]",False,normal,502.6305442493292,512.059050291589
136,300000,"[1770, 1771, 1772, 1773, 2598, 2599, 2600, 2601, 3715, 3716, 7003, 7004, 7005]",False,normal,338.4379267847852,359.39142286419997
137,300000,"[68, 69, 70, 2539, 2540, 2541, 2542, 2543, 2935, 2936, 2937, 3344, 3345, 3346, 4003, 4004, 4005, 4213, 4214, 4215, 5008, 5009, 5010, 5011, 5012, 5826, 5827, 5828, 5829, 5830, 5890, 5891]",False,normal,596.9609762262617,804.0268823840597
138,300000,"[894, 895, 896, 897, 898, 1303, 1304, 1305, 3669, 3670, 3682, 3683, 3684, 3685, 5328, 5329, 5330, 5403, 5404, 5405, 5406]",False,normal,13.589068488887248,226.19844505911942
139,300000,"[857, 858, 859, 2833, 2834, 2835, 2836, 2873, 2874, 2875, 2876, 5607, 5608, 5609, 6008, 6009, 6010, 6011]",False,normal,117.20183241362652,682.8904094095884
140,300000,"[687, 688, 689, 690, 691, 902, 903, 1133, 1134, 2824, 2825, 6845, 6846, 6847, 6848, 6849]",False,normal,914.0804860156617,502.1236427734437
141,300000,"[973, 974, 975, 976, 2259, 2260, 3149, 3150, 5455, 5456, 5457, 5458, 6898, 6899, 6900, 6901, 6902]",False,normal,386.893617396529,271.765438674897
142,300000,"[2287, 2288, 2289, 2290, 2291, 6853, 6854, 6855, 6856]",False,normal,668.0799329154664,105.86415237695745
143,300000,"[1183, 1184, 2551, 2552, 3431, 3432, 3433]",False,normal,714.8235537178122,321.78191890549834
144,300000,"[946, 947, 948, 949, 950, 2459, 2460, 2461, 2462, 5345, 5346, 5347]",False,normal,68.64250585282484,877.3093463616393
145,300000,"[483, 484, 2738, 2739, 2740]",False,normal,778.0320735603466,788.6705495732863
146,300000,"[860, 861, 1318, 1319, 1320, 1321, 1322, 1376, 1377, 1378, 1379, 1380, 3874, 3875, 6273, 6274, 6275]",False,normal,324.53262103418547,149.75207887830715
147,300000,"[372, 373, 374, 375, 376, 3494, 3495, 3496, 3497, 3498, 5911, 5912, 5913]",False,normal,977.9801006526428,203.51972869559287
148,300000,"[816, 817, 1228, 1229, 1230, 1231, 1232, 1269, 1270, 1271, 1272, 3352, 3353, 3354, 3355]",False,normal,722.5248308870522,189.01456827035216
149,300000,"[325, 326, 327]",False,normal,166.54734872990406,528.7675127011798
150,300000,"[705, 706, 707, 904, 905, 2850, 2851, 2852, 2930, 2931, 2932, 2933, 2934, 4309, 4310, 4420, 4421, 4422, 4679, 4680, 4681, 6141, 6142, 6337, 6338, 6339, 6340]",False,normal,958.6901799239918,427.2373525958745
151,300000,"[1671, 1672, 1673, 1674, 1675, 3531, 3532, 3533, 3534]",False,normal,144.7815732415799,592.6225786681632
152,300000,"[3487, 3488, 4173, 4174, 4175, 4176, 4177, 4434, 4435, 6726, 6727, 6728]",False,normal,898.3629673033448,146.30549993886532
153,300000,"[9, 10, 11, 12, 4554, 4555, 4556, 4557, 4558, 4756, 4757, 4758, 5379, 5380]",False,normal,348.6682274605704,827.4407810724842
154,300000,"[1579, 1580, 1581, 1925, 1926, 1927, 1928, 3347, 3348, 3349, 3350, 3351, 4887, 4888, 4889, 4890, 4968, 4969, 4970]",False,normal,854.7050788840968,751.1937313278904
155,300000,"[2579, 2580, 2581, 6235, 6236, 6987, 6988]",False,normal,2.459709059575488,936.5424391200589
156,300000,"[6147, 6148]",False,normal,112.38467340799774,84.24612480389038
157,300000,"[612, 613, 614, 615, 616, 1411, 1412, 1413, 1414, 1415, 1475, 1476, 1477, 1478, 1681, 1682, 1683, 1684, 4150, 4151, 4152, 4153, 4154]",False,normal,970.9063406526168,804.2660809257934
158,300000,"[607, 608, 609, 610, 611, 872, 873, 874, 875, 1938, 1939, 1940, 1941, 1942, 3169, 3170, 3171, 3172, 3173, 3552, 3553, 3554, 3555, 3556, 4231, 4232, 4233, 4234, 4235, 5062, 5063, 5064, 5065, 6237, 6238, 6239, 6240]",False,normal,745.7950035101045,173.98689180874513
159,3,[],True,normal,853.8097855844352,469.65674236016184
160,300000,"[5941, 5942, 5943, 5944, 5945]",False,normal,502.6305442493292,512.059050291589
161,300000,"[1146, 1147, 1148, 1149, 1150, 1344, 1345, 1346, 1347, 1348, 3384, 3385, 3833, 3834, 3835, 3836, 4282, 4283, 4284, 4285]",False,normal,380.0935067607875,532.8507852247795
162,300000,"[150, 151, 152, 153, 154, 1004, 1005, 1006, 1007, 1008, 3321, 3322, 3323]",False,normal,121.20674292512238,737.1317009572767
163,5,[],True,normal,699.938058589569,771.5972659154895
164,300000,"[107, 108, 109, 110, 111, 1426, 1427, 1428, 3119, 3120, 3121, 3122, 6769, 6770, 6771, 6772, 6773]",False,normal,868.4038738852669,659.7311762185291
165,4,[],True,normal,642.878350120763,221.25028921792222
166,300000,"[1113, 1114, 1115, 1116, 3005, 3006, 5234, 5235, 5236, 5237, 5238]",False,school,111.20722056301581,852.7029732626487
167,300000,"[343, 344, 345, 346, 347, 2113, 2114, 2115, 3335, 3336, 3337, 3338, 3570, 3571, 3572, 3573, 4483, 4484, 4920, 4921, 5132, 5133, 6686, 6687, 6688]",False,normal,669.4178408050167,936.9307338708259
168,300000,"[1129, 1130, 1131, 1132, 2705, 2706, 2707, 2708, 3444, 3445, 3446, 3795, 3796, 3797, 7033, 7034, 7035]",False,normal,39.913365428130376,195.6826810362319
169,300000,"[1180, 1181, 1182, 3509, 3510, 3511, 3512, 3513, 3642, 3643, 3644, 3645, 3646, 6160, 6161, 6162, 6163, 6164]",False,normal,931.5141140943617,803.272469656938
170,3,[],True,normal,278.21131834845346,198.78844933880669
171,300000,"[174, 175, 176, 177, 178, 511, 512, 513, 514, 880, 881, 882, 883, 3200, 3201, 3202]",False,school,620.7582152754596,462.6524951449728
172,3,[],True,normal,961.78109715153,164.77856758880486
173,300000,"[821, 822, 823, 6110, 6111, 6112]",False,school,906.4612068467295,552.0806755619706
174,300000,"[1190, 1191, 1192, 1273, 1274, 1275, 2070, 2071, 2072, 2073, 2100, 2101, 4098, 4099, 4331, 4332, 4333, 4334, 5045, 5046, 5047, 5491, 5492]",False,normal,288.82277371664634,121.74715387376553
175,300000,"[136, 137, 138, 1267, 1268, 4031, 4032]",False,normal,671.4883349393668,126.05981225762748
176,300000,"[957, 958, 1193, 1194, 1195, 3599, 3600, 3601, 4060, 4061, 4062, 4063, 4734, 4735, 4736, 4737, 4738]",False,normal,188.2818938707675,890.3396809210675
177,5,[],True,normal,489.90999895461385,478.3694952416793
178,300000,"[1962, 1963, 1964, 2995, 2996, 3621, 3622, 3623, 5066, 5067, 5068, 5069, 5070, 6541, 6542, 6543, 6544]",False,school,555.7514814887816,21.94627466483545
179,300000,"[1451, 1452, 1453, 1454, 4103, 4104, 4105, 4106, 6405, 6406, 6407]",False,normal,854.8052576055666,817.528252788588
180,300000,"[2120, 2121, 2122, 2123, 2786, 2787, 2788, 6731, 6732, 6758, 6759, 6760, 7014, 7015, 7016, 7017]",False,normal,893.6828681251475,735.616997016609
181,300000,"[3129, 3130, 3131, 3132, 3133]",False,normal,807.5427013302267,381.19787078615354
182,300000,"[334, 335, 336, 337, 338, 1779, 1780, 1781, 1782, 1868, 1869, 1870, 1871, 2179, 2180, 2181, 2182, 2183, 2582, 2583, 2584, 2585, 2586, 4236, 4237, 4709, 4710, 4711]",False,normal,825.698609834459,979.672524481222
183,300000,"[1117, 1118, 1507, 1508, 1509, 3250, 3251, 3252, 3574, 3575, 3576, 3577, 3578, 5660, 5661, 5662, 5878, 5879, 5880]",False,normal,201.88401578917143,331.67474838911613
184,300000,"[1575, 1576, 1577, 1578, 2102, 2103, 2104, 2350, 2351, 2352, 2353, 2354, 2516, 2517, 2518, 2519, 2520, 2611, 2612, 3082, 3083, 3084, 3085, 3086, 5297, 5298, 5299, 5300]",False,normal,930.8120178459293,111.56376699287601
185,300000,"[492, 493, 494, 495, 769, 770, 771, 2950, 2951, 2952, 2953, 3529, 3530]",False,normal,261.7652823590149,611.6267373191241
186,300000,"[3982, 3983, 3984, 3985, 3986, 4409, 4410, 5176, 5177, 5663, 5664, 5665, 5666, 5667, 6639, 6640, 6859, 6860, 6884, 6885, 6886]",False,normal,799.5326099296351,283.49092727789025
187,300000,"[1760, 1761, 1762, 1763, 1764, 5515, 5516, 5517, 5518, 5519]",False,normal,390.5655119806541,864.6678807855867
188,300000,"[284, 285, 286, 2594, 2595, 2596, 2597, 4902, 4903, 4904, 4905, 4906, 5361, 5362, 5363, 5420, 5421, 5422, 5423, 5424, 6590, 6591, 6592, 6593]",False,normal,976.6522745853583,695.6148621183901
189,300000,"[2164, 2165, 2166, 4503, 4504, 4505, 6094, 6095, 6096, 6097, 7070, 7071, 7072, 7073, 7074]",False,normal,75.03737988981598,376.8590166441645
190,300000,"[1654, 1655, 1656, 2094, 2095, 2096, 2097, 2884, 2885, 2886, 2887, 2915, 2916, 2917, 2918, 2919, 3886, 3887, 3888, 3889, 5013, 5014, 5823, 5824, 5825]",False,normal,614.6152502879522,391.8457117991701
191,300000,"[4605, 4606, 4607, 4608]",False,normal,780.9036598700778,444.2271216065805
192,300000,"[3524, 3525, 3526, 3527, 3528, 6483, 6484]",False,normal,314.0159627677896,285.05248050311076
193,300000,"[866, 867, 1175, 1176, 1177, 1178, 1179, 1534, 1535, 2829, 2830, 2831, 2832, 4725, 4726, 4727, 4728, 4729, 5845, 5846, 5847]",False,normal,714.1189968555777,937.0330500657238
194,300000,"[127, 128, 129, 130, 131, 2506, 2507, 2508, 2509, 2510, 5411, 5412, 5413, 5414, 5415, 5480, 5481, 5482, 5483]",False,normal,453.9903509578411,120.68730907579844
195,300000,"[5792, 5793, 5794]",False,normal,92.5180706463743,84.01030958283052
196,300000,"[485, 486, 487, 488, 489, 740, 741, 742, 743, 6042, 6043, 6044]",False,normal,853.9022520408652,419.8312111787175
197,3,[],True,normal,902.8518590174807,823.231824530495
198,300000,"[33, 34, 35, 389, 390, 391, 2466, 2467, 2468]",False,school,113.08722265759042,51.970964846749126
199,6,[],True,normal,635.7939616061024,765.758224349947
200,300000,"[1685, 1686, 1687, 1688, 2283, 2284, 2285, 2286, 3233, 3234, 3235, 3236, 5060, 5061, 5484, 5485, 5486, 5487]",False,school,402.60549453443144,290.4362459825486
201,300000,"[1366, 1367, 1368, 1369, 4511, 4512, 7041, 7042, 7043, 7044]",False,normal,560.3897679702449,962.1507499864387
202,300000,"[1358, 1359, 1360, 1361, 3659, 3660, 3661, 3662, 3663, 6165, 6166, 6167, 6168, 6169, 6372, 6373, 6374, 6375, 6376]",False,normal,923.8947159914482,237.10925322348606
203,300000,"[5128, 5129, 5130, 5131, 7079, 7080, 7081]",False,normal,929.3062101931434,842.4485470757945
204,300000,"[1466, 1467, 1468, 1469, 1470, 5017, 5018, 7025, 7026, 7027]",False,normal,988.9934395117771,164.49788029128965
205,300000,"[1879, 1880, 1881, 1882, 2116, 2117, 2549, 2550, 3287, 3288]",False,normal,147.49501529438191,688.6053929263904
206,300000,"[198, 199, 200, 201, 1353, 1354, 1355, 1356, 1357, 3378, 3379, 3541, 3542, 3543, 5048, 5049, 5050, 5051, 5052, 5444, 5445, 5446, 5447, 5448, 6597, 6598, 6599, 6600, 6601]",False,normal,535.6531406659549,414.8087768455057
207,300000,"[628, 629, 2118, 2119, 2877, 2878, 2879, 5239, 5240, 5241, 5242, 5243, 5801, 5802, 5803, 5804]",False,normal,634.8231252131035,206.40633712662154
208,300000,"[132, 133, 1362, 1363, 1364, 1365, 2985, 2986, 2987, 3043, 3044, 3045, 3161, 3162, 3163, 3164, 3165, 6377, 6378, 6379]",False,normal,858.5212861724352,155.72356573150145
209,300000,"[1233, 1234]",False,normal,794.5935192520088,578.4821273148511
210,300000,"[977, 978, 979, 980, 981, 3973, 3974, 5194, 5195, 5196, 5598, 5599, 5600, 5601, 5870, 5871, 6917, 6918, 6919]",False,normal,766.4235199884015,631.8511350409776
211,300000,"[968, 969, 970, 971, 972, 1802, 1803, 1804, 1805, 2292, 2293, 2294, 2295, 3748, 3749, 3750, 6118, 6119, 6120, 6121]",False,normal,790.0980727789656,131.9324865236301
212,300000,"[528, 529, 530, 531, 532, 1721, 1722, 1723, 1724, 5620, 5621, 5622, 5691, 5692]",False,normal,397.50598482016517,177.5152439377806
213,300000,"[4171, 4172, 6545, 6546, 6547]",False,normal,124.1074768785243,602.1821057220889
214,300000,"[6004, 6005, 6006, 6007]",False,normal,141.52503408679274,55.86223183009365
215,300000,"[2869, 2870, 4064, 4065, 4066, 4067, 4068, 4637, 4638, 4639, 4982, 4983, 4984, 4985, 6566, 6567, 6568, 6569, 6570, 6896, 6897]",False,normal,605.8081707468108,328.5310455539606
216,5,[],True,normal,62.64200940339498,147.66403393545443
217,300000,"[1216, 1217, 1218, 2633, 2634, 5399, 5400, 5401, 5402]",False,school,67.25543894967662,651.0346564964311
218,300000,"[218, 219, 234, 235, 236, 237, 4537, 4538, 4539, 4540, 4541, 6462, 6463]",False,normal,797.5760528077412,167.37939398884149
219,6,[],True,normal,689.1412039945266,900.4984892163751
220,300000,"[5548, 5549, 5550, 5551, 5552, 5562, 5563, 5564, 5565, 5566, 6278, 6279, 6280, 7084, 7085, 7086, 7087, 7088]",False,school,477.9933663134279,97.8649616148625
221,300000,"[426, 427, 428, 429, 430, 673, 674, 675, 676, 1323, 1324, 1325, 3174, 3175, 3176, 3177, 3178, 4823, 4824, 4825, 4971, 4972, 7006, 7007, 7008]",False,normal,59.245298744445904,493.4011290822297
222,300000,"[735, 736, 737, 738, 739, 1212, 1213, 1934, 1935, 1936, 1937, 3507, 3508]",False,normal,195.83259761280522,447.8081438206453
223,300000,"[1883, 1884, 1885, 3265, 3266, 3267, 3268, 3269, 5005, 5006, 5007, 6032, 6033, 6034]",False,normal,168.83239673701817,204.12668063349554
224,300000,"[2957, 2958, 2959, 2960, 4006, 4007, 4008, 4009, 4010, 4416, 4417, 4418, 4419, 4462, 4463, 4464, 5476, 5477, 5478, 5479]",False,normal,23.357831665217855,697.8465191137491
225,300000,"[4932, 4933, 4934, 5951, 5952, 6977, 6978, 6979, 6980]",False,normal,465.75166425670994,326.6219708542305
226,300000,"[700, 701, 702, 703, 704, 5256, 5257, 6761, 6762, 6763]",False,normal,540.0580918815252,664.6278834071228
227,300000,"[750, 751, 752, 753, 3837, 3838, 3839, 3840, 3841, 3898, 3899, 3900, 3901, 3902, 4609, 4610, 4611, 4612, 4613, 6197, 6198, 6218, 6219, 6220, 6221, 6729, 6730]",False,normal,351.0477044933883,919.1715081685458
228,300000,"[6715, 6716, 6717, 6991, 6992, 6993, 6994, 6995]",False,normal,685.220642589041,80.15496510057807
229,300000,"[2268, 2269, 2270, 2271, 2272, 3798, 3799, 3800, 3801, 3811, 3812, 3813, 5334, 5335, 5336]",False,normal,812.1749743272366,22.61531893330379
230,300000,"[3406, 3407, 4965, 4966, 4967, 6670, 6671, 6672, 6673]",False,normal,42.95288554788601,112.79303461465004
231,300000,"[1832, 1833, 1834, 3022, 3023, 3024, 3025, 3237, 3238, 3239, 3240, 4378, 4379, 4380, 4381, 4382, 5798, 5799, 5800, 5848, 5849, 5850, 5851]",False,normal,672.036293360638,877.4342080906104
232,4,[],True,normal,941.2354098944328,707.4242933012965
233,300000,"[502, 503, 1219, 1220, 1221, 1222, 5189, 5190, 5191, 5670, 5671, 5672, 5673, 5674]",False,school,928.4323460076561,771.124683050436
234,300000,"[98, 99, 100, 3894, 3895, 3896, 3897, 4667, 4668, 4669]",False,normal,820.9636022950795,822.5469267435651
235,300000,"[458, 459, 460, 461, 470, 471, 472, 473, 1897, 1898, 2029, 2030, 2031, 3260, 3261, 3262, 3263, 3264]",False,normal,648.1546860494427,344.1994957357538
236,300000,"[353, 354, 355, 356, 357, 2374, 2375, 2376, 4194, 4195, 4196, 4197, 4198, 6436, 6437, 6438, 6439, 6440, 6798, 6799, 6800, 6801]",False,normal,165.56132955645407,630.519596145194
237,300000,"[104, 105, 106, 1205, 1206, 2635, 2636, 2637, 2638, 5111, 5112, 5113, 5114, 5319, 5320, 5321, 5322, 5323]",False,normal,226.60571381779513,648.406185927973
238,300000,"[1525, 1526, 2277, 2278, 2279, 3019, 3020, 3021, 3391, 3392, 3393, 4033, 4034, 4035, 4216, 4217]",False,normal,18.361666237064476,759.5815797460821
239,300000,"[4190, 4191]",False,normal,408.976769568884,870.4919291425194
240,300000,"[839, 840, 841, 842, 843, 2438, 2439, 2440, 3374, 3375, 3376, 3377, 5990, 5991, 5992, 5993]",False,normal,663.0450045762494,253.33372012350685
241,300000,"[296, 297, 298, 299, 504, 505, 506, 507, 508, 1437, 1438, 1439, 1440, 1441, 3753, 3754, 3755, 3756, 3757]",False,normal,888.8499962547444,268.18304080658766
242,300000,"[1665, 1666, 1954, 1955, 1956, 4682, 4683, 4684]",False,normal,839.8839301376378,505.48597141620075
243,300000,"[1235, 1236, 1237, 1238, 1239, 1406, 1407, 1582, 1583, 1584, 2602, 2603, 2604, 2605, 2606, 4614, 4615, 4616, 4617, 4618, 4955, 4956, 4957, 4958, 4959, 7052, 7053, 7054, 7055]",False,normal,297.54991287121464,22.888392038256097
244,300000,"[1158, 1159, 1160, 1161, 4587, 4588, 4589, 4590, 4591, 5937, 5938, 5939, 5940, 6349, 6350, 6748, 6749]",False,normal,377.3192647167334,728.3352720251467
245,300000,"[811, 812, 813, 2797, 2798, 2799, 5199, 5200, 5201, 5202]",False,normal,707.3786926918921,537.9071853104542
246,300000,"[3890, 3891, 3892, 3893, 3930, 3931, 3932, 4411, 4412, 4413, 4414, 4415, 5795, 5796, 5797, 5841, 5842, 5843, 5844, 6563, 6564, 6565]",False,normal,68.45558085173643,975.1789209240663
247,300000,"[179, 180, 181, 182, 183, 3426, 3427, 3428, 3429, 3430, 4640, 4641, 4642, 5357, 5358]",False,normal,88.31945026399751,842.0541087711933
248,300000,"[666, 667, 668, 1029, 1030, 1031, 1032, 2322, 2323, 2324, 2325, 2441, 2442, 2443, 2444, 2445, 3537, 3538, 3539, 3540]",False,normal,440.1916500126181,419.2486773424277
249,300000,"[758, 759, 760, 1139, 1140, 1141, 1142, 2853, 2854, 3106, 3107, 3108, 3699, 3700, 3701, 3702, 3770, 3771, 3772, 3773, 4036, 4037, 4038, 5142, 5143]",False,normal,117.05958543291194,975.9971831523192
250,300000,"[6874, 6875, 6876, 6877, 6878]",False,normal,213.7536259869848,998.185121830022
251,300000,"[906, 907, 1850, 1851, 2639, 2640, 2641, 2642, 3039, 3040, 3041, 3042, 3736, 3737, 3738, 3739, 3861, 3862, 3863, 6653, 6654, 6655, 6656]",False,normal,338.9966627163207,869.0473609220552
252,300000,"[386, 387, 388, 2214, 2215, 2216, 2556, 2557, 2558, 2559, 4997, 4998, 4999, 6441, 6442, 6443, 6444, 6445]",False,normal,543.0009309774124,480.21521341163725
253,300000,"[3647, 3648, 3649, 3650, 3651, 5748, 5749, 5750, 5751, 5752]",False,normal,500.7279224559139,178.59139120741088
254,300000,"[1259, 1260, 1261, 1262, 3711, 3712, 6072, 6073, 6074, 6075, 6076, 6290, 6291, 6292, 6293, 6294]",False,normal,895.1064067339901,103.5698131809509
255,300000,"[6534, 6535, 6536, 6537, 6538, 6822, 6823]",False,normal,611.0411978141481,704.5013735553651
256,300000,"[189, 190, 1240, 1241, 4388, 4389, 4390, 4391, 4392]",False,normal,244.70049297938468,296.39632912146993
257,6,[],True,normal,257.07323017906674,696.8832433386204
258,300000,"[814, 815, 1756, 1757, 1758, 1759, 2365, 2366, 2367, 4344, 4345, 4660, 4661, 6777, 6778, 6779, 6780, 6781, 6968, 6969, 6970, 6971]",False,school,172.93265555759925,970.0296226850812
259,300000,"[2046, 2047, 2048, 2049, 3046, 3047, 3048, 3049, 3713, 3714]",False,normal,896.4980199451101,198.74709740877043
260,300000,"[951, 952, 953, 4465, 4466, 4467, 4468]",False,normal,4.868907139378154,148.5216373454321
261,300000,"[2088, 2089, 2090, 2091, 2092, 2093, 5042, 5043, 5044]",False,normal,397.95281451760246,403.56189606772733
262,300000,"[1050, 1051, 1052, 1053, 1054, 1985, 1986, 2759, 2760, 3567, 3568, 3569, 3785, 3786, 3787, 4851, 4852, 4853, 4854, 4855, 6137, 6138, 6139, 6140, 6395, 6396, 6397]",False,normal,60.06189798854844,821.2537705445503
263,300000,"[1455, 1456, 1457, 1458, 3535, 3536, 6053, 6054, 6055, 6241, 6242, 6243, 6244, 6245, 6810, 6811]",False,normal,956.8349445180651,360.97940019766827
264,300000,"[2217, 2218, 2219, 2220, 2221, 5906, 5907, 5908, 5909, 5910, 7097, 7098, 7099, 7100]",False,normal,822.6299647154042,195.57260287757435
265,300000,"[3365, 3366, 3367, 3368, 3369, 6700, 6701]",False,normal,105.98748798201052,802.208915770314
266,300000,"[1589, 1590, 1947, 1948, 2693, 2694, 2695, 2696, 2697]",False,normal,653.2066938712942,849.213961290677
267,300000,"[1846, 1847, 1848, 1849, 2377, 2378, 2379, 3109, 3110, 3111, 5171, 5172, 5173, 5174, 5175, 5185, 5186, 5187, 5188]",False,normal,381.03621596338223,96.9557076174685
268,300000,"[775, 776, 777, 778, 779, 1040, 1041, 1042, 1043, 1793, 1794, 1795, 3708, 3709, 3710, 5083, 5084, 5085, 5818, 5819, 5820, 5821, 5822]",False,normal,948.47590058096,529.9497958421289
269,300000,"[1798, 1799, 1800, 1801, 4396, 4397, 4398, 4501, 4502, 5117, 5118, 6926, 6927, 6928, 6929, 6930]",False,normal,738.5930017766627,347.31305924566976
270,300000,"[3962, 3963, 5994, 5995, 5996]",False,normal,39.71566102634449,869.1359762827678
271,300000,"[85, 86, 87, 88, 191, 192, 193, 194, 2076, 2077, 2078, 2907, 2908, 2909, 2910, 3181, 3182, 3183, 3184, 3185, 6056, 6057, 6058, 6989, 6990]",False,normal,512.9190010076433,350.22542475066786
272,300000,"[1796, 1797, 2007, 2008, 2009, 2010, 5030, 5031, 5032, 5033, 5764, 5765, 5766, 5863, 5864, 5980, 5981, 6782, 6783, 6784, 6785]",False,normal,979.1099175091009,580.6791809725097
273,300000,"[415, 416, 417, 418, 419, 4328, 4329, 4330, 6824, 6825, 6826, 6827]",False,normal,231.21542791296622,354.33993463549285
274,300000,"[55, 56, 57, 58, 1886, 1887, 1888, 1889, 4110, 4111, 5876, 5877]",False,normal,264.9241817901895,256.9865296165117
275,300000,"[395, 396, 397, 398, 1403, 1404, 1405, 4429, 4430, 4431]",False,normal,84.31130012997035,288.42691589111126
276,300000,"[464, 465, 466, 467, 1009, 1010, 1011, 1012, 1513, 1514, 1515, 3102, 3103, 3104, 3105, 4927, 4928, 4929, 4930, 4931]",False,normal,930.0934510640684,359.8214307168663
277,300000,"[1278, 1279, 1280, 1281, 1738, 1739, 1740, 1741, 1742, 2136, 2137, 2138, 2139, 2140, 2616, 2617, 2618, 4685, 4686, 5353, 5354, 5355, 5356, 5925, 5926, 5927, 5928, 5929]",False,normal,533.2360880118957,707.87712282158
278,300000,"[431, 432, 433, 434, 2273, 2274, 2275, 2276, 6105, 6106, 6271, 6272]",False,normal,403.7809496014947,710.3563916269001
279,300000,"[1788, 1789, 1790, 1791, 1792, 2200, 2201, 2202, 2203]",False,normal,602.1738113776764,474.8932699238202
280,300000,"[2239, 2240, 2241, 2242, 2591, 2592, 2593, 3054, 3055, 3056]",False,normal,966.8305319919615,978.1075268637123
281,4,[],True,normal,617.7726240498507,735.3358928486774
282,300000,"[1929, 1930, 1931, 1932, 1933, 3859, 3860, 5124, 5125, 5126, 5127]",False,school,465.6205995802941,882.0390166520443
283,300000,"[24, 25, 26, 27, 28, 3703, 3704, 3705, 4739, 4740, 4741, 5140, 5141]",False,normal,168.4352190350035,107.09239390852167
284,300000,"[1495, 1496, 2660, 2661, 2662, 2663, 2664, 4011, 4012]",False,normal,818.6717773140014,347.18498017325146
285,300000,"[1630, 1631, 1632, 1854, 1855, 1856, 1857, 2207, 2208, 2209, 2210, 2211, 3079, 3080, 3081, 3481, 3482, 3483, 5164, 5165, 5270, 5271, 5272, 5273]",False,normal,545.2774236520467,123.46804614325414
286,300000,"[1994, 1995, 5705, 5706, 5707]",False,normal,904.0331965230841,641.2759289809454
287,300000,"[2105, 2106, 2107, 2108, 4305, 4306, 4307, 4308]",False,normal,126.24890741249533,264.2144608512809
288,3,[],True,normal,511.228885789798,45.99403724533157
289,300000,"[1123, 1124, 4086, 4087, 4088, 4089, 4090, 5728, 5729, 5730, 5731, 5732, 6149, 6150, 6861, 6862]",False,school,786.5646444506065,199.1009048806729
290,300000,"[1200, 1201, 1202, 1203, 1204, 3780, 3781, 3782, 3783, 3784]",False,normal,751.1914739944907,17.72536460279428
291,300000,"[929, 930, 3819, 3820, 6481, 6482, 6513, 6514, 6515]",False,normal,850.9459347211673,68.46234255190251
292,300000,"[445, 446, 1408, 1409, 1410, 6577, 6578, 6579]",False,normal,433.18957104516466,289.30840925245747
293,300000,"[3308, 3309, 3310, 3311, 3363, 3364, 4017, 4018, 4019, 5616, 5617, 5618, 5619, 5740, 5741, 5742, 5743, 5744, 5957, 5958, 5959, 6428, 6429, 6430, 6961, 6962, 6963]",False,normal,93.13034725689235,944.2842447337787
294,300000,"[1432, 1433, 1434, 1435, 1436, 2424, 2425, 2426, 2427, 2428, 5470, 5471]",False,normal,880.0253719022039,545.4355498945771
295,300000,"[1170, 1171, 1826, 1827, 1828, 1829, 2398, 2399, 2400, 6618, 6619, 6620]",False,normal,579.6768023686543,372.9140279559571
296,300000,"[380, 381, 382, 1625, 1626, 1627, 1628, 1629]",False,normal,163.91817482952962,9.040540003651843
297,300000,"[523, 524, 525, 526, 527]",False,normal,225.08672476265946,995.694375739598
298,3,[],True,normal,690.6859741305276,755.774052841849
299,300000,"[2587, 2588, 2589, 2590, 4020, 4021, 4022, 5053, 5054, 5055, 5056, 5057, 5965, 5966, 5967, 5968, 5969]",False,school,295.52112898695447,209.42405476931742
300,300000,"[1643, 1644, 1645, 1646, 1647, 2037, 2038, 2686, 2687, 2688, 2689, 2690, 3399, 3400, 3401, 3402, 3998, 3999, 4000, 4001, 4002, 4491, 4492]",False,normal,553.7650058337059,926.4729232196345
301,300000,"[1151, 1152, 1153, 1154, 4266, 4267, 4268, 4269, 5440, 5441, 5442, 5443]",False,normal,148.18400701239642,515.0898641076491
302,300000,"[155, 156, 157, 158, 159, 4393, 4394, 4395, 6920, 6921, 6922, 6923]",False,normal,695.6758890746604,703.6637186124377
303,300000,"[369, 370, 371, 2054, 2055, 4222, 4223, 4224, 4225]",False,normal,824.616503643014,133.53982235674658
304,300000,"[982, 983, 984, 2068, 2069, 3777, 3778, 3779]",False,normal,759.8420845887244,210.5109048933376
305,300000,"[224, 225, 226, 227, 228, 772, 773, 774, 3872, 3873, 5930, 5931, 5932, 5933]",False,normal,818.978395429722,102.79783014729327
306,300000,"[2243, 2244, 2245, 2246, 2643, 2644, 2645, 3740, 3741, 3742, 3743, 3855, 3856, 6315, 6316, 6317, 6318, 6319, 6624, 6625, 6626, 6627, 6940, 6941, 6942]",False,normal,823.2890181072798,598.6062845109731
307,300000,"[1104, 1105, 1106, 4385, 4386, 4387, 6431, 6432, 6433, 6434, 6435]",False,normal,402.96243600567186,938.0767349815106
308,300000,"[920, 921, 922, 923, 1996, 1997, 4245, 4246, 4247, 4248]",False,normal,689.1342750409534,832.4549182212763
309,300000,"[594, 595, 596, 692, 693, 694, 3655, 3656, 3657, 3658, 5865, 5866, 5867, 5868, 5869, 6213, 6214, 6215, 6216, 6217]",False,normal,860.806928634312,946.3663406948602
310,300000,"[2109, 2110, 2111, 2112, 2724, 2725, 2726, 2727, 2728, 2848, 2849, 4091, 4092, 4646, 4647, 4648, 4649, 4650, 5650, 5651, 5652, 5653, 5654]",False,normal,887.8876693375465,790.0198829823235
311,300000,"[1111, 1112, 1489, 1490, 2296, 2297, 2298, 2299, 2300, 3857, 3858, 4793, 4794, 4795, 4796, 4797, 6246, 6247, 6248, 6249, 6421, 6422]",False,normal,467.9908649836028,57.34158256567503
312,300000,"[3956, 3957, 3958, 4209, 4210, 5181, 5182, 5183, 5184]",False,normal,921.0053789004454,988.2354910147786
313,300000,"[165, 166, 167, 168, 169, 916, 917, 918, 919, 2619, 2620, 2621, 2622, 2623, 3358, 3359, 3360, 3361, 3362, 6711, 6712, 6713, 6714]",False,normal,601.9159284952262,913.4808127894337
314,300000,"[793, 794, 795, 796, 797, 1585, 1586, 1587, 1588, 3070, 3071, 3072, 3073, 3255, 3256, 3257, 3544, 3545, 3977, 3978, 3979, 3980, 3981, 4899, 4900, 4901, 5178, 5179, 5180]",False,normal,257.63312364703364,749.3252545424862
315,300000,"[2795, 2796, 2844, 2845, 2846, 2847, 3253, 3254, 6225, 6226, 6635, 6636, 6637, 6638, 7045, 7046, 7047, 7048]",False,normal,201.8801739633851,282.4264071653002
316,300000,"[1815, 1816, 1817, 4473, 4474, 4475, 4476, 4477, 5762, 5763]",False,normal,443.2082978131268,510.4773583397018
317,300000,"[761, 762, 763, 764, 765, 1841, 1842, 1843, 1844, 1845, 3853, 3854, 4742, 4743, 4744, 5225, 5226, 5227, 5228]",False,normal,866.0781065631376,119.40315306602312
318,300000,"[53, 54, 2409, 2410, 2411, 3588, 3589, 3590, 5074, 5075, 5076, 5077, 5078]",False,normal,975.6819611121306,758.375193091234
319,300000,"[3394, 3395, 3396, 3397, 3398]",False,normal,1.3599676700853935,728.0212991725344
320,300000,"[6850, 6851, 6852]",False,normal,593.659074233795,413.72474102803125
321,300000,"[1306, 1307, 1308, 1309, 4135, 4136, 4137, 4138, 4139, 6325, 6326]",False,normal,424.6724294494449,333.5431200748207
322,300000,"[2305, 2306, 2307, 2308, 2309, 4551, 4552, 4553, 4940, 4941, 4942, 4943, 4944, 5254, 5255]",False,normal,371.77066614140557,946.5584989404011
323,6,[],True,normal,451.4397463846224,817.0315808587567
324,300000,"[766, 767, 768, 3191, 3192, 3193, 3194, 3474, 3475, 3476]",False,school,518.3838775769905,943.8077999981874
325,300000,"[447, 448, 449, 450, 451, 474, 475, 476, 477, 478, 1550, 1551, 1552, 1553, 1554, 2431, 2432, 2433, 6101, 6102, 6103, 6104]",False,normal,779.0744013433598,96.09203800489745
326,300000,"[468, 469, 2039, 2040, 6077, 6078, 6079, 6080]",False,normal,436.76474974002986,870.4018323414384
327,300000,"[315, 316, 317, 318, 319, 383, 384, 385, 808, 809, 810, 1310, 1311, 1312, 1313, 1314, 3001, 3002, 3003, 3004, 3439, 3440, 3441, 3442, 3443, 4949, 4950, 5523, 5524, 5525, 5526, 5914, 5915, 5916, 5917, 5918, 5919, 6446, 6447, 6448]",False,normal,918.1925103480739,688.8280010123589
328,300000,"[2469, 2470, 2471, 3138, 3139, 3522, 3523, 4142, 4143, 4144, 4145, 5262, 5263, 5264, 6678, 6679, 6680]",False,normal,113.97695256077141,514.8483648986502
329,300000,"[117, 118, 119, 2396, 2397, 4403, 4404]",False,normal,401.71578973926756,227.6580903678624
330,300000,"[279, 280, 281, 282, 283, 645, 646, 647, 648, 3380, 3381, 3382, 3383, 4915, 4916, 4917, 4918, 4919, 4935, 4936, 4937, 5265, 5266, 5267, 5268, 5269]",False,normal,642.5330559092224,89.35603898205505
331,300000,"[4426, 4427, 4428]",False,normal,634.3084737014203,995.040317703011
332,300000,"[1055, 1056, 1057, 1058, 2941, 2942, 2943, 2944, 4354, 4355, 4356, 4769, 4770, 4771, 4772, 4773, 5430, 5431, 5432, 5433, 5434, 5637, 5638, 5639, 5640, 6143, 6144, 6145, 6146, 6903, 6904]",False,normal,478.3925007679683,369.5298641556654
333,300000,"[2646, 2647, 2648, 2649]",False,normal,804.7202489759613,390.3411182469314
334,300000,"[1374, 1375, 3911, 3912, 3913, 3914, 3915, 5856, 5857, 5858, 5859, 5860]",False,normal,862.4593974231262,851.1490926211844
335,300000,"[931, 932, 933, 934, 3316, 3317]",False,normal,293.8311737575716,254.14957210474375
336,300000,"[744, 745, 746, 1059, 1060, 1090, 1091, 1092, 3222, 3223, 3224, 4055, 4056, 4057, 4058, 4059, 4749, 4750, 4751, 4752, 5019, 5020]",False,normal,719.7472328703033,806.5644042971159
337,300000,"[954, 955, 956, 1752, 1753, 1754, 1755, 5301, 5302]",False,normal,161.82006338472948,437.7640968148782
338,300000,"[160, 161, 162, 163, 164, 4249, 4250, 6496, 6497, 6498, 6499]",False,normal,479.52951213915964,843.1804538208826
339,300000,"[789, 790, 791, 792, 1349, 1350, 1351, 1352, 1676, 1677, 1678, 1679, 1680, 1909, 1910, 1911, 1912, 2280, 2281, 2282, 4577, 4578, 4579, 4580, 4581]",False,normal,611.053191684416,625.5410961072794
340,300000,"[3036, 3037, 3038, 4013, 4014, 4015, 4016, 4133, 4134, 6938, 6939]",False,normal,470.3716272392474,628.9062282153835
341,3,[],True,normal,969.6261982808473,287.1110995355202
342,300000,"[4140, 4141, 4293, 4294, 4295, 4837, 4838, 4839, 4840, 4841, 5531, 5532, 5533, 5534, 5535, 6287, 6288, 6289, 7036, 7037, 7038, 7039, 7040]",False,school,491.4469088894609,302.06661138110366
343,300000,"[649, 650, 651, 652, 653, 785, 786, 787, 788, 4521, 4522, 5107, 5108, 5109, 5110, 6332, 6333, 6334, 6335, 6336]",False,normal,751.7539748574948,120.36788656001622
344,300000,"[232, 233, 889, 890, 891, 892, 893, 6935, 6936, 6937, 6952, 6953, 6954, 6955, 6956]",False,normal,132.3469458771032,454.59498633813155
345,300000,"[220, 221, 222, 223, 269, 270, 3489, 3490, 3491, 6127, 6128, 6129, 6130, 6131]",False,normal,661.9478372199521,652.1422167772341
346,300000,"[2204, 2205, 2206, 2961, 2962, 3664, 3665, 3666, 3667, 3668, 4788, 4789, 4790, 4791, 4792, 5513, 5514, 5688, 5689, 5690]",False,normal,527.1295593384045,870.9904623228057
347,300000,"[1294, 1295, 3179, 3180, 4506, 4507, 4508, 4509, 4510, 5086, 5087, 5088, 6615, 6616, 6617, 6869, 6870, 6871, 6872, 6873]",False,normal,872.29976091079,298.4872507678753
348,300000,"[238, 239, 240, 241, 2448, 2449, 2450, 4776, 4777, 4778, 4779, 4896, 4897, 4898, 5602, 5603, 5604, 5605, 5606]",False,normal,761.5632974634058,53.13623110477257
349,300000,"[331, 332, 333, 1418, 1419, 1420, 1421, 3229, 3230, 3231, 3232, 3613, 3614, 3615, 4973, 4974, 4975, 4976, 5715, 5716, 5717, 5718, 5895, 5896, 5897, 5898, 5899]",False,normal,277.124263848636,985.2407088554525
350,5,[],True,normal,566.6954969255647,756.7537915783765
351,300000,"[1821, 1822, 1823, 4128, 4129, 4130, 4131, 4132]",False,school,453.2831050529011,343.86445945002504
352,300000,"[643, 644, 826, 827, 828, 854, 855, 856, 1479, 1480, 2098, 2099, 2975, 2976, 2977, 2978, 2979, 5781, 5782, 5783, 7101, 7102]",False,normal,257.80687842538487,199.3953649433221
353,300000,"[392, 393, 394, 2172, 2173, 2174, 2175, 2176, 3416, 3417, 4357, 4358, 4882, 4883, 4884, 4885, 4886]",False,normal,54.901260675613045,748.5361512600715
354,300000,"[2613, 2614, 2615, 2871, 2872, 4763, 4764, 4765, 5595, 5596, 5597, 6173, 6174, 6175, 6176]",False,normal,194.74464418820304,509.07537477996175
355,300000,"[71, 72, 73, 74, 75, 1172, 1173, 1174, 2132, 2133, 2134, 2135, 3975, 3976, 4819, 4820, 4821, 4822, 5592, 5593, 5594, 5960, 5961, 5962, 5963, 5964]",False,normal,775.5520655647022,909.0401524354551
356,300000,"[1610, 1611, 1612, 2451, 2452, 2453, 3846, 3847]",False,normal,267.5100564009193,303.305438749373
357,300000,"[5577, 5578, 5579, 5580, 6045, 6046, 6047, 6048, 6367, 6368, 6369]",False,normal,140.8710613379412,76.5382244006092
358,300000,"[2766, 2767, 2768, 2769, 2770, 4238, 4239, 5767, 5768, 5769, 5770, 6698, 6699]",False,normal,465.07556102406386,950.6634419251725
359,6,[],True,normal,263.68746166483476,104.49292008591071
360,300000,"[1061, 1062, 2184, 2185, 2186, 2187, 2188, 3550, 3551, 6403, 6404]",False,school,392.19072158186026,364.9790097086915
361,300000,"[44, 45, 46, 47, 48, 401, 402, 403, 404, 405, 2251, 2252, 2253, 2254, 5387, 5388, 5389, 5390, 5391, 6199, 6200, 6201, 6202, 6203]",False,normal,84.66515814562663,546.2855944590306
362,300000,"[3117, 3118, 3218, 3219, 3220, 3221, 3608, 3609, 3610]",False,normal,869.3095304965918,377.10773375097057
363,6,[],True,normal,825.6953710234358,914.5650915226373
364,300000,"[3766, 3767, 3768, 3769, 4860, 4861, 4862, 7009, 7010, 7011, 7012, 7013]",False,school,772.3246128503191,842.3909444004634
365,300000,"[1300, 1301, 1302, 2229, 2230, 2231, 2232, 2233, 2826, 2827, 2828, 4100, 4101, 4102, 5153, 5154, 5155, 5902, 5903, 5904, 5905, 5920, 5921, 5922, 6385, 6386, 6387, 6694, 6695, 6837, 6838, 6839, 6840, 6841]",False,normal,266.3706651930678,390.84713029289776
366,300000,"[1416, 1417, 2698, 2699, 6295, 6296, 6297, 6298, 7065, 7066, 7067, 7068, 7069]",False,normal,426.8357277728481,766.4797917975353
367,300000,"[1913, 1914, 1915, 1916, 2494, 2495, 2496, 3386, 3387, 3388, 3389, 3390, 3596, 3597, 3598, 5881, 5882, 5883, 5884, 6067, 6068, 6069, 6070, 6071, 6947, 6948, 6949, 6950, 6951]",False,normal,426.9036995525662,452.0508885304269
368,300000,"[1595, 1596, 1597, 1598, 1599, 2463, 2464, 2465, 2526, 2527, 2528, 2529, 2530]",False,normal,113.08171746344567,101.90404442182303
369,5,[],True,normal,444.66612300904166,157.7954305264532
370,300000,"[1429, 1430, 1431, 2858, 2859, 2860, 3324, 3325, 3326, 3327, 3328, 5708, 5709, 5710]",False,hospital,485.4522150783241,258.72791186568406
371,300000,"[2749, 2750, 2840, 2841, 2842, 2843]",False,normal,123.58657991487348,127.4925071335733
372,300000,"[134, 135, 669, 670, 671, 672, 1903, 1904, 3477, 3478, 3479, 3480, 4528, 4529, 4530, 4531, 4813, 4814, 5229, 5230, 5231, 5675, 5676, 5677, 5678, 6276, 6277, 7028, 7029, 7030, 7031, 7032]",False,normal,317.9160728428985,763.1339044627689
373,300000,"[499, 500, 501, 1254, 1255, 1399, 1400, 1401, 1402, 1852, 1853, 1858, 1859, 1860, 1861, 1862, 2247, 2248, 2249, 2250, 2670, 2671, 2672, 2700, 2701, 3206, 3207, 3762, 3763, 4513, 4514, 4515, 4516, 6000, 6001, 6002, 6003]",False,normal,589.7412143832244,748.8543466527772
374,300000,"[1017, 1018, 1019, 1035, 1036, 1037, 1038, 1039, 1987, 1988, 2804, 2805, 2806, 2807, 3408, 3409, 3410, 3411, 3412, 5505, 5506, 5507]",False,normal,783.1198302438197,668.869692141326
375,300000,"[2560, 2561, 2562, 2563, 2761, 2762, 3312, 3313, 3314, 3315, 4405, 4406, 4407, 4408, 4691, 4692, 4693, 6630, 6631, 6696, 6697]",False,normal,692.7316647472649,741.7019728097994
376,300000,"[964, 965, 966, 967, 3050, 3051, 3052, 3053, 5038, 5039, 5982, 5983, 5984, 5985, 5986]",False,normal,165.89309299091792,561.267418768048
377,300000,"[1510, 1511, 1512, 1838, 1839, 1840, 2419, 2420, 2421, 2487, 2488, 2793, 2794, 5416, 5417, 5418, 5419, 5745, 5746, 5747]",False,normal,58.66668557165935,908.3021408044185
378,300000,"[271, 272, 273, 824, 825, 1072, 1073, 1074, 1075, 1076, 5000, 5001, 5695, 5696]",False,normal,53.750246194498175,298.32603944748996
379,300000,"[2041, 2042, 2043, 2044, 2045, 3436, 3437, 3438, 3591, 3592, 3593, 3594, 3595, 4629, 4630, 4631, 4675, 4676, 4677, 4678, 5658, 5659, 6380, 6381, 6382, 6383, 6384]",False,normal,501.299165604697,782.6945389089275
380,300000,"[868, 869, 870, 871, 4798, 4799, 4800, 4801, 5974, 5975, 5976]",False,normal,402.6758157677303,323.0870083960861
381,300000,"[339, 340, 341, 342, 1863, 1864, 1865, 1866, 1867, 4572, 4573, 4574, 4575, 4576]",False,normal,355.0674254889873,244.8937193802557
382,300000,"[2380, 2381, 2382, 4564, 4565, 4566, 4567, 6516, 6517, 6518, 6519, 6520, 7075, 7076]",False,normal,220.4138757265306,141.1148046639463
383,300000,"[435, 436, 437, 438, 439, 1648, 1649, 2061, 2062, 2063, 2064, 2983, 2984, 6558, 6559, 6560, 6561, 6562]",False,normal,92.67274847997051,219.07547108334947
384,300000,"[2434, 2435, 2436, 2437, 2446, 2447, 2654, 2655, 2656, 3029, 3030, 3031, 3032, 5683, 5684, 5685, 5686, 5687, 7018, 7019, 7020, 7021]",False,normal,740.2046544864663,550.5429368756635
385,6,[],True,normal,523.5537002977103,260.12254165352323
386,300000,"[3159, 3160, 3870, 3871, 4805, 4806, 4807]",False,hospital,831.2563858653162,249.4624543065627
387,300000,"[4039, 4040, 4041, 4496, 4497, 4498, 4499, 4500, 5462, 5463, 5464, 5465, 5466, 5724, 5725, 5726, 5727, 6208, 6209, 6210, 6211, 6212, 6924, 6925]",False,normal,975.486152532004,959.724686268828
388,300000,"[5557, 5558, 5559, 5560, 5561]",False,normal,625.1071844296514,136.81844801023578
389,3,[],True,normal,570.149189989408,246.42586470360303
390,300000,"[3842, 3843, 3844, 3845, 6459, 6460, 6461]",False,hospital,765.1192235462864,373.1704678015581
391,300000,"[4619, 4620, 4621, 6528, 6529]",False,normal,838.7408784275289,312.10426781741234
392,300000,"[818, 819, 820, 1333, 1334, 5758, 5759, 5760, 5761, 6820, 6821]",False,normal,39.71802163946758,251.5595513106977
393,6,[],True,normal,93.85377514906924,817.1274071682847
394,300000,"[1546, 1547, 3144, 3145]",False,hospital,415.01587128085646,891.8502157299845
395,300000,"[803, 804, 1600, 1601, 1602, 1603, 1604, 4876, 4877, 6416, 6417, 6418, 6419, 6420, 6454, 6455, 6456, 6457, 6458]",False,normal,893.2840432080786,848.7585427715796
396,300000,"[3010, 3011, 3012, 3013, 3134, 3135, 3136, 3137]",False,normal,869.5401880327963,702.6711535172992
397,300000,"[96, 97, 805, 806, 807, 1044, 1045, 1155, 1156, 1157, 1289, 1290, 1291, 1292, 1293, 4023, 4024, 4025, 4026, 4027, 4155, 4156, 4157, 4158, 4159, 5771, 5772, 6408, 6409, 6410, 6411, 6412, 6609, 6610, 6611]",False,normal,717.0096145659386,679.5083611511017
398,300000,"[849, 850, 851, 852, 853, 2800, 2801, 2802, 2803, 3466, 3467, 3468, 3809, 3810, 3828, 3829, 3830, 3831, 3832]",False,normal,893.9323453383283,18.965825356313104
399,4,[],True,normal,649.5668508671921,44.62774195784043
400,300000,"[603, 604, 605, 606, 2032, 2033, 2034, 2035, 2036, 3155, 3156, 3157, 3158, 5567, 5568, 5569]",False,hospital,70.78116590276976,230.0152722739885
401,300000,"[1077, 1078, 1079, 1080, 1548, 1549]",False,normal,699.6030332138179,501.765688067921
402,5,[],True,normal,53.7400538626015,12.092076848384647
403,300000,"[1949, 1950, 1951, 1952, 1953, 4441, 4442, 4443, 4444, 4445, 4488, 4489, 4490, 6098, 6099, 6100, 6398, 6399, 6400]",False,hospital,803.914518230216,457.6582539563692
404,300000,"[4712, 4713, 5885, 5886, 5887, 5888, 5889]",False,normal,714.4269494623906,227.3456548604936
405,300000,"[938, 939, 940, 2422, 2423, 4074, 4075, 5374, 5375, 5376, 5377, 5378, 5679, 5680, 5681, 5682, 6580, 6581, 6582, 6583, 6584]",False,normal,739.7290107133258,985.4351314837236
406,300000,"[1899, 1900, 1901, 1902, 4375, 4376, 4377, 5435, 5436, 5437, 5438, 5439]",False,normal,324.3493559220402,214.45805037257279
407,300000,"[1081, 1082, 1083, 1084, 1085, 1544, 1545, 6177, 6178, 6179, 6180, 6181, 6539, 6540, 6555, 6556, 6557]",False,normal,507.03407864543505,819.7818385792992
408,300000,"[195, 196, 197, 1386, 1387, 1388, 1389, 1390, 6650, 6651, 6652, 6910, 6911]",False,normal,855.7652341806656,787.8474173620947
409,300000,"[575, 576, 577, 3774, 3775, 3776, 4359, 4360, 4361, 4362, 4802, 4803, 4804]",False,normal,662.0802287586162,186.72255169759097
410,300000,"[1020, 1021, 1022, 1023, 1633, 1634, 1635, 1636, 1637, 3671, 3672, 3673, 3674, 4846, 4847, 4848, 4849, 4850, 6341, 6342, 6343, 6344, 6489, 6490, 6491, 6492, 6493]",False,normal,316.9847517915789,924.796488510935
411,300000,"[718, 719, 720, 4745, 4746, 4747, 4748, 5539, 5540, 5541, 5542, 6268, 6269, 6270, 6478, 6479, 6480]",False,normal,933.1543593515951,56.13970421556214
412,300000,"[362, 363, 364, 365, 2383, 2384, 2385, 2386, 2387]",False,normal,130.23847519098507,784.7918750847458
413,4,[],True,normal,73.24118541845542,829.3496471146115
414,300000,"[3941, 3942, 3943, 3944, 7049, 7050, 7051]",False,hospital,344.97059928810154,382.52432071159217
415,3,[],True,normal,733.9147534660945,170.7080488108727
416,300000,"[4759, 4760, 4761, 4762, 5210, 5211, 5212, 5213, 5214, 6250, 6251, 6252, 6253, 6254]",False,hospital,853.7336503118539,392.4407264105395
417,3,[],True,normal,42.93129992031625,800.2760633587102
418,300000,"[1559, 1560, 1561, 1562, 1725, 1726, 1727, 3964, 3965, 3966, 3967, 3968, 4270, 4271, 4272, 4273, 5449, 5450, 5451, 7094, 7095, 7096]",False,hospital,47.88472805335969,554.497381699581
419,300000,"[1459, 1460, 3074, 3075, 3076, 3077, 3078, 6628, 6629, 6828, 6829]",False,normal,355.12730984070396,977.5553435524083
420,300000,"[112, 113, 287, 288, 310, 311, 312, 313, 314, 2226, 2227, 2228]",False,normal,662.1470881915225,512.2959791724298
421,300000,"[555, 556, 557, 558, 559, 5002, 5003, 5004, 5206, 5207, 5208, 5209]",False,normal,94.90015860653178,780.8097812740457
422,300000,"[912, 913, 914, 915, 1086, 1087, 5040, 5041, 5119, 5120, 5121, 5122, 5123]",False,normal,507.0241157496565,143.94593715893788
423,300000,"[560, 561, 562, 563, 684, 685, 686, 1566, 1567, 1568, 1569, 1570, 3848, 3849, 3850, 3851, 3852, 5892, 5893, 5894, 6021, 6022, 6023, 6024, 6025, 7082, 7083]",False,normal,262.1437402536034,482.21229532187886
424,300000,"[2629, 2630, 2631, 2632, 3864, 3865, 3866, 3867, 5614, 5615, 6452, 6453, 6753, 6754, 6755, 6756, 6757]",False,normal,828.5116039014549,638.2399429172054
425,300000,"[657, 658, 659, 660, 661, 2388, 2389, 2390, 2391, 2392, 3245, 3246, 3247, 3248, 3249, 5697, 5698, 5699, 5700]",False,normal,668.0033625017442,158.50423021638034
426,300000,"[146, 147, 148, 149, 708, 709, 710, 1830, 1831, 3356, 3357, 4469, 4470, 4471, 4472, 6264, 6265, 6266, 6267]",False,normal,442.87756286605327,909.1649858733463
427,300000,"[210, 211, 212, 599, 600, 601, 602, 991, 992, 993, 994, 2673, 2674, 4240, 4241, 4242, 4243, 4244, 4815, 4816, 4817, 4818, 4833, 4834, 6388, 6389, 6464, 6465, 6466, 6467, 6468]",False,normal,671.7999888377685,426.9400405282822
428,300000,"[2310, 2311, 2312, 2313, 2314, 2476, 2477, 2478, 2479, 2815, 2816, 2817, 2818, 3447, 3448, 3449, 3450, 5026, 5027, 5028, 5029, 6255, 6256, 6257, 6258]",False,normal,378.35241672023454,592.0045707189579
429,300000,"[1733, 1734, 1735, 1736, 1737, 2652, 2653, 4160, 4161, 4162, 4163, 5719, 5720, 5721, 5722, 5723, 6660, 6661, 6662, 6663, 6664]",False,normal,24.53817226016359,345.31833267077184
430,300000,"[1731, 1732, 3546, 3547, 3548, 3549, 5192, 5193]",False,normal,140.18734994970563,430.4518718241289
431,300000,"[1315, 1316, 1317, 4046, 4047, 4048, 4049, 4050, 6151, 6152, 6153, 6154, 6182, 6183, 6494, 6495]",False,normal,770.6203933037356,530.4297795398204
432,300000,"[999, 1000, 1001, 1002, 1003, 1657, 1658, 1659, 2160, 2161, 2162, 2163, 3994, 3995, 3996, 3997, 6063, 6064, 6065, 6066, 6802, 6803, 6804, 6805, 6806]",False,normal,170.14191901288436,47.10778765568798
433,300000,"[538, 539, 540, 541, 1370, 1371, 1372, 1373, 2016, 2017, 2334, 2335, 2336, 2337, 2338, 2360, 2361, 4350, 4351, 4352, 4353, 4597, 4598, 4599, 4600, 4601]",False,normal,623.8440859730212,877.1779480019919
434,300000,"[4325, 4326, 4327, 5831, 5832, 5833, 6132, 6133, 6134, 6135, 6136, 6222, 6223, 6224, 6311, 6312, 6313, 6314, 6401, 6402]",False,normal,619.5395852116494,22.294038763962853
435,300000,"[66, 67, 300, 301, 1965, 1966, 1967, 1968, 3652, 3653, 3654, 5789, 5790, 5791]",False,normal,724.2703279479767,434.55469242746096
436,300000,"[924, 925, 926, 927, 928, 1890, 1891, 6081, 6082, 6083, 6632, 6633, 6634, 6835, 6836]",False,normal,89.8794959422882,152.9836997425171
437,300000,"[5586, 5587]",False,normal,132.49775924317763,96.19332950308778
438,300000,"[5977, 5978, 5979]",False,normal,898.7740336951005,386.0498525715196
439,300000,"[1256, 1257, 1258, 2988, 2989, 3203, 3204, 3205, 4383, 4384, 5058, 5059]",False,normal,868.8731439042137,340.4872672966354
440,300000,"[1502, 1503, 2553, 2554, 2555, 2702, 2703, 2704, 2926, 2927, 2928, 2929, 3517, 3518, 3519, 3520, 3521, 6812, 6813, 6814]",False,normal,331.8549115322135,708.4371848334753
441,300000,"[1335, 1336, 1337, 1338, 1339, 4453, 4454, 4455, 4456, 4582, 4583, 4584, 4585, 4586, 4835, 4836, 4960, 4961, 4962, 4963, 4964, 6345, 6346, 6347, 6348]",False,normal,750.1101767621689,710.3629042918724
442,300000,"[1471, 1472, 1473, 1474, 3616, 3617, 3618, 3921, 3922, 6283, 6284, 6285, 6286, 6750, 6751, 6752]",False,normal,990.0503840398893,100.31498797016224
443,300000,"[3087, 3088, 3089, 3090, 3091, 4166, 4167, 4168, 4169, 4170, 5324, 5325, 5326, 5327]",False,normal,607.5870360220201,158.0681041932791
444,300000,"[1395, 1396, 1397, 1398, 1905, 1906, 1907, 1908, 2212, 2213, 3114, 3115, 3116, 3195, 3196, 3197, 3198, 3199, 3938, 3939, 3940, 6035, 6036, 6037, 6038]",False,normal,417.7083777776475,94.03413271814058
445,300000,"[2624, 2625, 2626, 2627, 2628, 3989, 3990, 3991, 3992, 3993, 5148, 5149, 5150, 5151, 5152, 5425, 5426, 5427, 5428, 5429, 6390, 6391, 6392]",False,normal,233.66452593624703,510.6264056930451
446,300000,"[1713, 1714, 1715, 2569, 2570, 2571, 2572, 2573, 2997, 2998, 2999, 3000, 3717, 3718, 3719, 3720, 4093, 4094, 4095, 4096, 4097, 4863, 4864, 4865, 4866, 4867]",False,normal,422.8916863251698,557.1310966569415
447,300000,"[3611, 3612, 4341, 4342, 4343, 4808, 4809, 4810, 4811, 4812, 5134, 5135, 5305, 5306, 5307, 5308]",False,normal,611.3821523502914,75.44692170723368
448,300000,"[2774, 2775, 2776, 2777, 2808, 2809, 2810, 2811, 2812]",False,normal,23.348695707283483,87.03659245584028
449,300000,"[617, 618, 619, 4274, 4275, 4276, 4277, 4278, 4532, 4533, 4534, 6107, 6108, 6109]",False,normal,95.27579901267978,436.19499063392993
450,300000,"[573, 574, 959, 960, 1783, 1784, 1785, 1786, 1787, 2489, 2490]",False,normal,131.43797049477138,372.3149278088123
451,300000,"[1167, 1168, 1169, 4699, 4700, 4701, 4702, 4703, 4714, 4715, 4716, 5197, 5198, 5861, 5862]",False,normal,915.1018230685138,429.39454171487967
452,300000,"[624, 625, 626, 627, 844, 845, 846, 847, 848, 5396, 5397, 5398]",False,normal,932.5033729487964,607.873697641303
453,300000,"[620, 621, 622, 623, 3301, 3302]",False,normal,191.1630209982713,165.48123348819755
454,300000,"[3565, 3566, 3936, 3937, 5570, 5571, 5572, 5573, 5574, 6521, 6522, 6523, 6879, 6880, 6881, 6882, 6883]",False,normal,69.70593934395427,614.2842463344089
455,5,[],True,normal,758.0904115770995,588.9171261508276
456,300000,"[249, 250, 406, 407, 695, 696, 697, 698, 699, 961, 962, 963, 1162, 1163, 1164, 1165, 1166, 3007, 3008, 3009, 4069, 4070, 4071, 4072, 4073, 4211, 4212, 6231, 6232, 6233, 6234]",False,hospital,153.51189001403426,159.30771812487998
457,300000,"[2128, 2129, 2130, 2131, 2531, 2532, 2533, 3499, 3500, 4286, 4287, 4288, 4289, 4856, 4857, 4858, 4859, 5093, 5094, 5095, 5096, 5097]",False,normal,169.63904203237917,325.3793437260143
458,300000,"[2864, 2865, 2866, 4371, 4372, 4373, 4374, 6039, 6040, 6041, 6170, 6171, 6172, 6472, 6473, 6474]",False,normal,845.8525950612224,450.2271819441113
459,300000,"[114, 115, 116, 1696, 1697, 1698, 2521, 2522, 2523, 4670, 4671, 4672, 4673, 4674, 5309, 5310, 5311, 5312, 5934, 5935, 5936, 6795, 6796, 6797]",False,normal,563.8941094992931,857.5807674613267
460,300000,"[679, 680, 681, 682, 683, 3579, 3580, 3581, 3582, 3583, 3764, 3765, 4346, 4347, 4348, 4349, 4485, 4486, 4487, 5472, 5473, 5474, 5475, 5733, 5734, 5735, 5736]",False,normal,608.9346626058356,537.6814380370008
461,300000,"[1196, 1197, 1198, 1199, 4655, 4656, 4657, 4658, 4659, 6363, 6364, 6365, 6366]",False,normal,139.35675963545094,389.03930304069075
462,300000,"[578, 579, 580, 581, 582, 662, 663, 664, 665, 1296, 1297]",False,normal,765.2247161514766,760.5063111107171
463,300000,"[1605, 1606, 1607, 1608, 1609, 2050, 2051, 2052, 2053, 3469, 3470, 3471, 3472, 3473, 4651, 4652, 4653, 4654]",False,normal,118.68838490041767,319.55891932367814
464,300000,"[1774, 1775, 1776, 1777, 1778, 3969, 3970, 3971, 3972, 5281, 5282]",False,normal,893.0353277325203,486.03450426875725
465,300000,"[462, 463, 2920, 2921, 2922, 3721, 3722, 3723]",False,normal,318.6613773050971,321.47121263614366
466,300000,"[328, 329, 330, 1555, 1556, 1557, 1558, 5274, 5275]",False,normal,958.5376408396763,223.1994713007781
467,300000,"[533, 534, 535, 536, 537, 985, 986, 987, 988, 3925, 3926, 5102, 5103, 5104, 5105, 5106, 5623, 5624, 5625, 5626, 5627, 6259, 6260, 6261, 6262, 6263]",False,normal,357.8736210194188,135.65042031584673
468,300000,"[1282, 1283, 1284, 1285, 1461, 1462, 1463, 1464, 1465, 3680, 3681, 6587, 6588, 6589, 6641, 6642, 6643, 6644, 6674, 6675, 6676, 6677, 6999, 7000, 7001, 7002]",False,normal,965.243818503294,897.6918172429159
469,300000,"[4076, 4077, 4078, 4079, 4080, 4202, 4203, 4204, 5773, 5774, 5775, 5776]",False,normal,512.9716644245459,671.6692121656148
470,300000,"[989, 990, 1065, 1066, 1067, 2483, 2484, 2485, 2486, 2867, 2868, 3214, 3215, 3216, 3217, 3624, 3625, 3626, 3627, 3628, 3633, 3634, 3635, 3636, 3637, 6191, 6192, 6985, 6986]",False,normal,341.8229987082468,64.15926833372936
471,300000,"[2754, 2755, 2756, 2757, 2758, 4146, 4147, 4148, 4149, 6016, 6017, 6018, 6019, 6020]",False,normal,88.70769949573138,665.8290180786332
472,300000,"[1013, 1014, 1015, 1016, 1046, 1047, 1048, 1049, 2544, 2545, 2546, 2547, 2548]",False,normal,67.16987040001632,171.80079173010387
473,300000,"[440, 441, 442, 443, 444, 1207, 1208, 1209, 1210, 1211, 2763, 2764, 2765, 5313, 5314, 5315, 5316, 5488, 5489, 5490]",False,normal,23.233035119983516,476.03614794727855
474,6,[],True,normal,405.2204335673838,184.72210776850895
475,300000,"[583, 584, 4717, 4718, 4719, 5098, 5099, 5100, 5101]",False,normal,642.221040667521,140.97342963033344
476,300000,"[798, 799, 800, 801, 802]",False,normal,694.9624694982609,116.28160221460948
477,300000,"[4907, 4908, 4909, 4910, 5809, 5810, 5811, 6475, 6476, 6477, 6605, 6606, 6607, 6608]",False,normal,721.1232179487974,268.2785779705217
478,300000,"[585, 586, 587, 588, 2892, 2893, 2894, 4704, 4705, 4706, 4707, 4708, 4842, 4843, 4844, 4845, 5283, 5284]",False,normal,39.903040507577124,718.2484638519869
479,300000,"[170, 171, 172, 173, 320, 321, 322, 323, 324, 2502, 2503, 2504, 2505, 3370, 3371, 3372, 3373, 3788, 3789, 3790, 3791, 3792, 4432, 4433]",False,normal,330.851081531121,426.17872229576756
480,300000,"[213, 214, 215, 216, 217, 292, 293, 294, 295, 1223, 1224, 1225, 1226, 1227, 3602, 3603, 3604, 4119, 4120, 4121, 4122, 4123, 4478, 4479, 4480, 4481, 4482, 6299, 6300, 6301, 6302, 6303]",False,normal,494.2394370530508,426.17091804237515
481,300000,"[780, 781, 782, 783, 784, 2709, 2710, 2711, 2712, 2713, 5987, 5988, 5989]",False,normal,91.50056300508265,755.8012304216151
482,300000,"[229, 230, 231, 260, 261, 262, 263, 264, 5348, 5349, 5350, 5351, 5352, 6621, 6622, 6623, 6708, 6709, 6710]",False,normal,263.361995813473,336.5979148772366
483,300000,"[2771, 2772, 2773, 3562, 3563, 3564, 4436, 4437, 4438, 4439, 4440, 4643, 4644, 4645]",False,normal,743.0139760320717,490.1652669220409
484,300000,"[41, 42, 43, 452, 453, 2177, 2178, 3908, 3909, 3910, 3945, 3946]",False,normal,484.23435844607286,924.0567707687344
485,300000,"[4986, 4987, 4988, 6029, 6030, 6031]",False,normal,757.116466977506,237.09908794964502
486,300000,"[4951, 4952, 4953, 4954]",False,normal,379.2890172431281,776.4705650603647
487,300000,"[654, 655, 656, 2457, 2458, 2880, 2881, 2882, 2883, 3933, 3934, 3935, 4662, 4663, 4664, 4665, 4666, 6815, 6816, 6817, 6818, 6819, 7056, 7057, 7058, 7059, 7060]",False,normal,218.99121512088112,697.3924411392694
488,300000,"[1613, 1614, 1615, 2719, 2720, 2721, 2722, 2723, 6705, 6706, 6707]",False,normal,296.0186937109318,835.6188573608588
489,300000,"[2454, 2455, 2456, 3014, 3015, 3016, 3017, 3018, 4296, 4297, 4298, 4299, 4300, 5970, 5971, 5972, 5973, 6049, 6050, 6051, 6052, 6575, 6576, 7061, 7062]",False,normal,184.40392904021436,724.7117163193394
490,300000,"[399, 400, 420, 421, 422, 423, 515, 516, 1245, 1246, 1247, 1248, 2355, 2356, 2357, 2358, 2359, 5953, 5954, 5955, 5956, 6227, 6228, 6229, 6230, 6502, 6503, 6504, 6505, 6665, 6666]",False,normal,338.12515017901944,662.0026348187706
491,300000,"[509, 510, 2085, 2086, 2087, 5156, 5157, 5158, 5159, 5812, 5813, 5814, 5815, 6702, 6703, 6704]",False,normal,523.6008765658554,761.8621638725157
492,300000,"[3331, 3332, 3333, 3334, 6548, 6549]",False,normal,359.8858693291215,777.3862566613998
493,300000,"[728, 729, 730, 731, 732, 1835, 1836, 1837, 5166, 5167, 5168, 5169, 5170, 5467, 5468, 5469, 5553, 5554, 5555, 5556, 5753, 5754, 5755, 5756, 5757]",False,normal,549.7736407404627,89.84572189095249
494,300000,"[6393, 6394]",False,normal,745.0718554334568,257.9474207961375
495,300000,"[5339, 5340]",False,normal,303.9102536191254,256.4883019182157
496,300000,"[2813, 2814, 4938, 4939, 5276, 5277, 5278, 5279, 5280, 5581, 5582, 5583, 5584, 5585, 5997, 5998, 5999]",False,normal,609.2615284680594,581.0241814540234
497,300000,"[29, 30, 31, 32, 2362, 2363, 2364, 2412, 2413, 2414, 3186, 3187, 3188, 3189, 3190, 3947, 3948, 3949, 3950, 6089, 6090]",False,normal,473.1423784439178,171.13192574466953
498,300000,"[1442, 1443, 1444, 1445, 1446, 1957, 1958, 1959, 1960, 1961, 4117, 4118, 5711, 5712, 5713, 5714]",False,normal,192.43996144835748,192.2774918264712
499,300000,"[1447, 1448, 1449, 1450, 1497, 1498, 1499, 1500, 1501, 3275, 3276, 3277, 3278, 4051, 4052, 4053, 4054, 4922, 4923, 5295, 5296]",False,normal,521.4391064613366,976.0696929359955
500,300000,"[2751, 2752, 2753, 5160, 5161, 5162, 5163, 6524, 6525, 6733, 6734, 6735, 6736, 6737]",False,normal,127.9735821646533,216.5472551647606
